customer_id,first_purchase,last_purchase,total_orders,total_spend,recency_days,frequency,monetary,status,R_score,F_score,M_score,RFM_score,segment
1,2024-12-12,2026-05-30,3,13024.34,62,3,13024.34,Active,2,2,2,6,Lost
2,2026-04-03,2026-06-13,2,11641.6,48,2,11641.6,Active,3,2,2,7,At Risk
3,2025-11-10,2025-11-10,1,9005.28,263,1,9005.28,Churned,1,1,2,4,Lost
4,2026-06-18,2026-06-18,1,8287.6,43,1,8287.6,Active,3,1,2,6,Lost
5,2025-06-25,2026-07-29,24,145567.58,2,24,145567.58,Active,5,5,5,15,Champions
6,2026-04-26,2026-07-20,16,58164.94,11,16,58164.94,Active,5,5,5,15,Champions
7,2025-03-07,2026-05-12,4,11015.1,80,4,11015.1,Active,2,2,2,6,Lost
8,2026-01-22,2026-05-27,4,14946.16,65,4,14946.16,Active,2,2,2,6,Lost
9,2025-01-18,2026-07-03,6,54171.17,28,6,54171.17,Active,4,3,4,11,Loyal
10,2026-01-21,2026-06-03,2,9538.96,58,2,9538.96,Active,2,2,2,6,Lost
11,2025-11-16,2025-11-16,1,2223.84,257,1,2223.84,Churned,1,1,1,3,Lost
12,2026-07-12,2026-07-12,1,8878.98,19,1,8878.98,Active,4,1,2,7,At Risk
13,2026-06-03,2026-06-29,2,11990.54,32,2,11990.54,Active,4,2,2,8,At Risk
14,2026-02-02,2026-06-27,7,40948.07,34,7,40948.07,Active,3,3,4,10,Loyal
15,2026-01-11,2026-07-23,9,42658.89,8,9,42658.89,Active,5,4,4,13,Champions
16,2026-05-06,2026-06-11,2,8710.58,50,2,8710.58,Active,3,2,2,7,At Risk
17,2025-09-02,2026-07-14,6,23841.21,17,6,23841.21,Active,5,3,3,11,Loyal
18,2024-12-06,2026-07-04,4,24369.11,27,4,24369.11,Active,4,2,3,9,At Risk
19,2026-04-02,2026-05-21,5,15910.75,71,5,15910.75,Active,2,3,2,7,At Risk
20,2025-06-11,2026-07-30,34,158458.36,1,34,158458.36,Active,5,5,5,15,Champions
21,2025-07-28,2026-07-15,29,140548.02,16,29,140548.02,Active,5,5,5,15,Champions
22,2025-09-02,2026-07-22,13,48317.2,9,13,48317.2,Active,5,5,4,14,Champions
23,2025-06-20,2025-12-27,4,13540.89,216,4,13540.89,Churned,1,2,2,5,Lost
24,2026-06-05,2026-06-05,1,5744.25,56,1,5744.25,Active,3,1,1,5,Lost
25,2026-02-18,2026-07-26,13,48263.41,5,13,48263.41,Active,5,5,4,14,Champions
26,2025-11-07,2026-03-13,5,30490.84,140,5,30490.84,Churned,2,3,3,8,At Risk
27,2025-12-29,2026-05-28,3,8851.75,64,3,8851.75,Active,2,2,2,6,Lost
28,2026-06-08,2026-07-04,3,11121.37,27,3,11121.37,Active,4,2,2,8,At Risk
29,2025-09-26,2025-12-12,3,10460.94,231,3,10460.94,Churned,1,2,2,5,Lost
30,2025-06-30,2026-07-25,22,86853.85,6,22,86853.85,Active,5,5,5,15,Champions
31,2025-07-05,2026-06-27,8,30716.02,34,8,30716.02,Active,3,4,3,10,Loyal
32,2025-10-02,2026-06-04,3,11168.43,57,3,11168.43,Active,2,2,2,6,Lost
33,2024-10-22,2026-06-17,6,38454.44,44,6,38454.44,Active,3,3,4,10,Loyal
34,2025-11-23,2026-05-31,5,38049.9,61,5,38049.9,Active,2,3,4,9,At Risk
35,2026-05-08,2026-07-04,12,62506.99,27,12,62506.99,Active,4,5,5,14,Champions
36,2024-09-12,2026-07-16,22,122575.75,15,22,122575.75,Active,5,5,5,15,Champions
37,2026-04-15,2026-07-01,10,54415.9,30,10,54415.9,Active,4,4,4,12,Loyal
38,2026-04-14,2026-06-25,4,19646.0,36,4,19646.0,Active,3,2,3,8,At Risk
39,2025-02-04,2026-07-23,11,45833.05,8,11,45833.05,Active,5,4,4,13,Champions
40,2025-11-14,2026-06-20,11,65458.54,41,11,65458.54,Active,3,4,5,12,Loyal
41,2024-12-11,2025-07-16,7,26695.45,380,7,26695.45,Churned,1,3,3,7,At Risk
42,2026-03-08,2026-06-26,12,38721.04,35,12,38721.04,Active,3,5,4,12,Loyal
43,2026-01-09,2026-07-15,10,67689.61,16,10,67689.61,Active,5,4,5,14,Champions
44,2025-04-06,2026-07-30,25,118000.07,1,25,118000.07,Active,5,5,5,15,Champions
45,2024-09-08,2026-06-30,9,49982.99,31,9,49982.99,Active,4,4,4,12,Loyal
46,2026-07-08,2026-07-12,7,63814.77,19,7,63814.77,Active,4,3,5,12,Loyal
47,2026-01-14,2026-06-07,2,4048.08,54,2,4048.08,Active,3,2,1,6,Lost
48,2026-05-11,2026-07-04,7,31142.37,27,7,31142.37,Active,4,3,3,10,Loyal
49,2025-11-28,2025-11-28,1,996.97,245,1,996.97,Churned,1,1,1,3,Lost
50,2026-02-12,2026-02-12,1,3013.56,169,1,3013.56,Churned,1,1,1,3,Lost
51,2026-02-05,2026-07-14,29,110908.89,17,29,110908.89,Active,5,5,5,15,Champions
52,2024-12-29,2026-07-21,17,84202.32,10,17,84202.32,Active,5,5,5,15,Champions
53,2025-04-08,2026-07-20,23,113512.38,11,23,113512.38,Active,5,5,5,15,Champions
54,2026-01-17,2026-06-14,4,21571.11,47,4,21571.11,Active,3,2,3,8,At Risk
55,2025-08-14,2026-06-28,13,67930.67,33,13,67930.67,Active,3,5,5,13,Champions
56,2024-09-06,2025-07-19,7,31893.28,377,7,31893.28,Churned,1,3,3,7,At Risk
57,2025-08-20,2025-08-20,1,8900.28,345,1,8900.28,Churned,1,1,2,4,Lost
58,2026-04-25,2026-04-25,1,425.18,97,1,425.18,Churned,2,1,1,4,Lost
59,2026-01-23,2026-05-05,4,12915.42,87,4,12915.42,Active,2,2,2,6,Lost
60,2025-12-17,2026-01-23,4,33139.8,189,4,33139.8,Churned,1,2,3,6,Lost
61,2026-06-03,2026-07-14,18,79022.53,17,18,79022.53,Active,5,5,5,15,Champions
62,2026-01-20,2026-07-07,5,25009.39,24,5,25009.39,Active,4,3,3,10,Loyal
63,2025-06-02,2026-07-20,7,27538.18,11,7,27538.18,Active,5,3,3,11,Loyal
64,2026-07-06,2026-07-06,1,5474.28,25,1,5474.28,Active,4,1,1,6,Lost
65,2025-11-23,2026-06-29,5,20891.65,32,5,20891.65,Active,4,3,3,10,Loyal
66,2026-04-28,2026-04-28,1,2948.99,94,1,2948.99,Churned,2,1,1,4,Lost
67,2026-05-24,2026-06-22,7,53746.59,39,7,53746.59,Active,3,4,4,11,Loyal
68,2025-04-08,2025-12-07,8,52609.33,236,8,52609.33,Churned,1,4,4,9,At Risk
69,2025-10-17,2026-05-04,2,6328.16,88,2,6328.16,Active,2,2,1,5,Lost
70,2025-08-10,2026-07-04,2,5388.08,27,2,5388.08,Active,4,2,1,7,At Risk
71,2026-02-25,2026-02-25,1,1390.01,156,1,1390.01,Churned,1,1,1,3,Lost
72,2025-05-15,2026-06-30,8,35355.71,31,8,35355.71,Active,4,4,4,12,Loyal
73,2025-06-22,2026-07-23,6,34231.47,8,6,34231.47,Active,5,3,3,11,Loyal
74,2025-06-26,2026-06-29,4,5583.35,32,4,5583.35,Active,4,2,1,7,At Risk
75,2025-12-11,2026-07-01,6,22358.69,30,6,22358.69,Active,4,3,3,10,Loyal
76,2025-07-06,2026-07-09,13,61487.7,22,13,61487.7,Active,4,5,5,14,Champions
77,2025-08-21,2026-07-19,7,21200.14,12,7,21200.14,Active,5,4,3,12,Loyal
78,2025-04-01,2026-07-30,17,97873.86,1,17,97873.86,Active,5,5,5,15,Champions
79,2025-09-03,2025-09-03,1,8442.09,331,1,8442.09,Churned,1,1,2,4,Lost
80,2026-03-30,2026-06-08,2,14290.66,53,2,14290.66,Active,3,2,2,7,At Risk
81,2026-06-17,2026-06-21,6,24609.88,40,6,24609.88,Active,3,3,3,9,At Risk
82,2026-04-28,2026-06-22,2,6861.6,39,2,6861.6,Active,3,2,2,7,At Risk
83,2024-12-20,2026-06-04,3,35919.22,57,3,35919.22,Active,2,2,4,8,At Risk
84,2026-03-31,2026-06-24,3,8101.61,37,3,8101.61,Active,3,2,2,7,At Risk
85,2025-10-26,2026-02-09,8,32835.47,172,8,32835.47,Churned,1,4,3,8,At Risk
86,2025-12-15,2025-12-26,6,35971.52,217,6,35971.52,Churned,1,3,4,8,At Risk
87,2025-01-01,2026-06-20,9,59367.53,41,9,59367.53,Active,3,4,5,12,Loyal
88,2025-02-23,2026-07-10,13,79881.79,21,13,79881.79,Active,4,5,5,14,Champions
89,2026-05-06,2026-06-30,2,4291.71,31,2,4291.71,Active,4,2,1,7,At Risk
90,2026-04-21,2026-06-25,4,18461.66,36,4,18461.66,Active,3,2,2,7,At Risk
91,2025-11-04,2026-05-13,2,5699.62,79,2,5699.62,Active,2,2,1,5,Lost
92,2026-05-06,2026-07-09,4,33646.74,22,4,33646.74,Active,4,2,3,9,At Risk
93,2026-05-06,2026-05-16,3,14245.61,76,3,14245.61,Active,2,2,2,6,Lost
94,2025-05-23,2026-07-09,13,78805.98,22,13,78805.98,Active,4,5,5,14,Champions
95,2026-05-27,2026-07-21,10,75724.48,10,10,75724.48,Active,5,4,5,14,Champions
96,2025-09-07,2026-07-06,6,19838.18,25,6,19838.18,Active,4,3,3,10,Loyal
97,2025-02-15,2026-07-23,19,82516.34,8,19,82516.34,Active,5,5,5,15,Champions
98,2025-12-06,2026-07-10,13,107033.66,21,13,107033.66,Active,4,5,5,14,Champions
99,2025-12-05,2025-12-05,1,3754.67,238,1,3754.67,Churned,1,1,1,3,Lost
100,2025-01-30,2026-07-18,12,52814.36,13,12,52814.36,Active,5,5,4,14,Champions
101,2026-03-31,2026-07-13,9,69759.93,18,9,69759.93,Active,5,4,5,14,Champions
102,2025-12-14,2026-06-05,3,9645.49,56,3,9645.49,Active,3,2,2,7,At Risk
103,2026-06-28,2026-06-28,1,9259.88,33,1,9259.88,Active,3,1,2,6,Lost
104,2025-07-07,2026-07-22,7,35280.49,9,7,35280.49,Active,5,4,4,13,Champions
105,2026-05-12,2026-05-12,1,1808.91,80,1,1808.91,Active,2,1,1,4,Lost
106,2026-02-19,2026-02-19,1,2454.66,162,1,2454.66,Churned,1,1,1,3,Lost
107,2026-05-04,2026-05-24,2,7970.22,68,2,7970.22,Active,2,2,2,6,Lost
108,2026-01-29,2026-06-03,4,22041.04,58,4,22041.04,Active,2,2,3,7,At Risk
109,2025-07-09,2026-07-25,20,128690.3,6,20,128690.3,Active,5,5,5,15,Champions
110,2025-12-19,2026-01-29,6,28140.01,183,6,28140.01,Churned,1,3,3,7,At Risk
111,2025-03-24,2026-07-21,9,57927.65,10,9,57927.65,Active,5,4,5,14,Champions
112,2026-02-14,2026-02-14,1,2306.22,167,1,2306.22,Churned,1,1,1,3,Lost
113,2026-03-24,2026-06-04,2,10872.82,57,2,10872.82,Active,2,2,2,6,Lost
114,2025-06-28,2026-07-26,25,105750.81,5,25,105750.81,Active,5,5,5,15,Champions
115,2025-07-25,2026-07-26,21,138433.53,5,21,138433.53,Active,5,5,5,15,Champions
116,2025-12-19,2026-06-18,2,18187.68,43,2,18187.68,Active,3,2,2,7,At Risk
117,2025-10-17,2026-06-10,3,27286.6,51,3,27286.6,Active,3,2,3,8,At Risk
118,2024-11-02,2026-07-17,29,179335.91,14,29,179335.91,Active,5,5,5,15,Champions
119,2026-05-10,2026-05-10,1,4173.46,82,1,4173.46,Active,2,1,1,4,Lost
120,2025-11-02,2026-03-11,3,3908.78,142,3,3908.78,Churned,2,2,1,5,Lost
121,2025-06-22,2026-06-12,3,6610.34,49,3,6610.34,Active,3,2,1,6,Lost
122,2026-02-22,2026-06-08,4,14619.31,53,4,14619.31,Active,3,2,2,7,At Risk
123,2025-11-14,2026-07-23,21,102443.76,8,21,102443.76,Active,5,5,5,15,Champions
124,2026-06-01,2026-06-01,1,7814.38,60,1,7814.38,Active,2,1,2,5,Lost
125,2026-04-12,2026-07-16,6,21361.71,15,6,21361.71,Active,5,3,3,11,Loyal
126,2025-10-06,2026-03-15,7,34685.79,138,7,34685.79,Churned,2,4,3,9,At Risk
127,2024-09-09,2026-07-19,7,52896.18,12,7,52896.18,Active,5,4,4,13,Champions
128,2026-02-13,2026-05-03,4,15314.2,89,4,15314.2,Active,2,2,2,6,Lost
129,2025-09-21,2026-06-17,11,56038.75,44,11,56038.75,Active,3,4,4,11,Loyal
130,2025-11-02,2026-07-26,8,52088.13,5,8,52088.13,Active,5,4,4,13,Champions
131,2026-04-07,2026-04-07,1,15071.68,115,1,15071.68,Churned,2,1,2,5,Lost
132,2025-09-14,2026-06-19,2,6990.13,42,2,6990.13,Active,3,2,2,7,At Risk
133,2025-08-16,2026-07-10,5,39375.98,21,5,39375.98,Active,4,3,4,11,Loyal
134,2025-09-09,2026-02-10,6,44876.53,171,6,44876.53,Churned,1,3,4,8,At Risk
135,2026-02-25,2026-02-25,1,2858.0,156,1,2858.0,Churned,1,1,1,3,Lost
136,2025-02-24,2025-09-14,7,29731.67,320,7,29731.67,Churned,1,4,3,8,At Risk
137,2025-11-04,2026-07-06,13,63460.97,25,13,63460.97,Active,4,5,5,14,Champions
138,2025-02-21,2026-06-21,2,4942.34,40,2,4942.34,Active,3,2,1,6,Lost
139,2025-05-11,2025-12-17,4,28086.83,226,4,28086.83,Churned,1,2,3,6,Lost
140,2025-06-13,2026-06-24,10,47257.51,37,10,47257.51,Active,3,4,4,11,Loyal
141,2026-07-17,2026-07-23,28,143901.49,8,28,143901.49,Active,5,5,5,15,Champions
142,2025-09-19,2025-09-19,1,6011.1,315,1,6011.1,Churned,1,1,1,3,Lost
143,2025-02-06,2026-06-06,4,10242.83,55,4,10242.83,Active,3,2,2,7,At Risk
144,2025-08-23,2026-06-05,3,4099.3,56,3,4099.3,Active,3,2,1,6,Lost
145,2026-07-25,2026-07-25,1,6045.0,6,1,6045.0,Active,5,1,1,7,At Risk
146,2026-04-26,2026-05-12,3,12253.19,80,3,12253.19,Active,2,2,2,6,Lost
147,2024-11-17,2026-07-05,3,18845.46,26,3,18845.46,Active,4,2,2,8,At Risk
148,2025-03-23,2026-06-23,8,61032.86,38,8,61032.86,Active,3,4,5,12,Loyal
149,2026-03-19,2026-05-21,5,38144.48,71,5,38144.48,Active,2,3,4,9,At Risk
150,2024-10-05,2026-07-24,29,112527.35,7,29,112527.35,Active,5,5,5,15,Champions
151,2026-04-12,2026-04-12,1,15139.36,110,1,15139.36,Churned,2,1,2,5,Lost
152,2025-08-12,2025-08-12,1,3076.28,353,1,3076.28,Churned,1,1,1,3,Lost
153,2026-05-29,2026-06-27,8,36525.59,34,8,36525.59,Active,3,4,4,11,Loyal
154,2025-03-26,2026-07-16,8,35927.77,15,8,35927.77,Active,5,4,4,13,Champions
155,2025-06-13,2026-03-14,8,31487.57,139,8,31487.57,Churned,2,4,3,9,At Risk
156,2025-11-23,2026-07-26,20,102351.11,5,20,102351.11,Active,5,5,5,15,Champions
157,2026-06-28,2026-06-29,2,12284.04,32,2,12284.04,Active,4,2,2,8,At Risk
158,2025-09-11,2026-06-30,5,30973.71,31,5,30973.71,Active,4,3,3,10,Loyal
159,2025-07-23,2026-05-26,4,21111.14,66,4,21111.14,Active,2,2,3,7,At Risk
160,2026-03-13,2026-07-10,13,46555.23,21,13,46555.23,Active,4,5,4,13,Champions
161,2026-07-28,2026-07-28,1,1223.03,3,1,1223.03,Active,5,1,1,7,At Risk
162,2025-12-13,2026-07-06,12,53546.11,25,12,53546.11,Active,4,5,4,13,Champions
163,2025-08-16,2026-05-03,5,35615.38,89,5,35615.38,Active,2,3,4,9,At Risk
164,2025-05-22,2026-07-28,18,114281.22,3,18,114281.22,Active,5,5,5,15,Champions
165,2025-08-07,2026-05-24,4,20032.46,68,4,20032.46,Active,2,2,3,7,At Risk
166,2026-03-27,2026-06-26,3,2649.06,35,3,2649.06,Active,3,2,1,6,Lost
167,2025-03-17,2026-07-03,8,39896.76,28,8,39896.76,Active,4,4,4,12,Loyal
168,2024-11-08,2026-06-20,7,22298.42,41,7,22298.42,Active,3,4,3,10,Loyal
169,2025-06-15,2026-06-26,11,56231.5,35,11,56231.5,Active,3,4,4,11,Loyal
170,2024-11-30,2026-07-02,8,38484.04,29,8,38484.04,Active,4,4,4,12,Loyal
171,2024-10-26,2026-07-20,17,74536.91,11,17,74536.91,Active,5,5,5,15,Champions
172,2024-12-09,2025-10-15,7,52095.52,289,7,52095.52,Churned,1,4,4,9,At Risk
173,2026-05-03,2026-06-29,2,9069.48,32,2,9069.48,Active,4,2,2,8,At Risk
174,2025-12-31,2025-12-31,1,2284.05,212,1,2284.05,Churned,1,1,1,3,Lost
175,2025-12-12,2025-12-12,1,5526.0,231,1,5526.0,Churned,1,1,1,3,Lost
176,2025-08-27,2026-07-28,15,73011.42,3,15,73011.42,Active,5,5,5,15,Champions
177,2026-03-24,2026-06-20,3,26382.08,41,3,26382.08,Active,3,2,3,8,At Risk
178,2024-11-11,2025-07-12,7,33859.53,384,7,33859.53,Churned,1,4,3,8,At Risk
179,2026-05-21,2026-06-27,4,27563.45,34,4,27563.45,Active,3,3,3,9,At Risk
180,2025-09-13,2026-06-29,4,20178.39,32,4,20178.39,Active,4,3,3,10,Loyal
181,2026-06-27,2026-07-02,3,5295.6,29,3,5295.6,Active,4,2,1,7,At Risk
182,2024-10-26,2026-07-21,20,101117.7,10,20,101117.7,Active,5,5,5,15,Champions
183,2026-01-24,2026-05-06,3,28726.68,86,3,28726.68,Active,2,2,3,7,At Risk
184,2025-12-30,2026-02-12,8,57821.75,169,8,57821.75,Churned,1,4,5,10,Loyal
185,2025-07-14,2025-08-12,4,22930.47,353,4,22930.47,Churned,1,3,3,7,At Risk
186,2025-06-19,2026-07-25,34,181764.74,6,34,181764.74,Active,5,5,5,15,Champions
187,2026-01-11,2026-01-11,1,2703.78,201,1,2703.78,Churned,1,1,1,3,Lost
188,2025-05-04,2026-07-13,8,49350.43,18,8,49350.43,Active,5,4,4,13,Champions
189,2025-01-12,2025-11-26,3,19379.28,247,3,19379.28,Churned,1,2,2,5,Lost
190,2025-02-20,2026-07-13,33,167843.65,18,33,167843.65,Active,5,5,5,15,Champions
191,2025-12-09,2026-02-17,5,19963.0,164,5,19963.0,Churned,1,3,3,7,At Risk
192,2026-01-18,2026-01-18,1,5486.12,194,1,5486.12,Churned,1,1,1,3,Lost
193,2025-11-12,2026-07-25,16,103218.38,6,16,103218.38,Active,5,5,5,15,Champions
194,2025-04-09,2026-07-16,18,114075.64,15,18,114075.64,Active,5,5,5,15,Champions
195,2026-06-30,2026-06-30,1,2509.08,31,1,2509.08,Active,4,1,1,6,Lost
196,2024-10-29,2026-06-20,11,41424.55,41,11,41424.55,Active,3,4,4,11,Loyal
197,2026-01-09,2026-07-03,4,12853.72,28,4,12853.72,Active,4,3,2,9,At Risk
198,2025-06-07,2025-11-29,3,8836.25,244,3,8836.25,Churned,1,2,2,5,Lost
199,2025-03-21,2026-05-20,5,32497.42,72,5,32497.42,Active,2,3,3,8,At Risk
200,2026-07-03,2026-07-12,11,51556.51,19,11,51556.51,Active,4,4,4,12,Loyal
201,2025-04-22,2026-05-15,3,21833.92,77,3,21833.92,Active,2,2,3,7,At Risk
202,2026-05-26,2026-07-29,30,186839.33,2,30,186839.33,Active,5,5,5,15,Champions
203,2025-07-22,2025-11-08,6,42023.44,265,6,42023.44,Churned,1,3,4,8,At Risk
204,2026-03-10,2026-07-11,10,49092.66,20,10,49092.66,Active,4,4,4,12,Loyal
205,2025-08-13,2026-07-07,7,36231.8,24,7,36231.8,Active,4,4,4,12,Loyal
206,2025-03-15,2026-07-01,8,42032.29,30,8,42032.29,Active,4,4,4,12,Loyal
207,2026-02-01,2026-02-01,1,4285.95,180,1,4285.95,Churned,1,1,1,3,Lost
208,2026-07-07,2026-07-15,22,101125.04,16,22,101125.04,Active,5,5,5,15,Champions
209,2025-05-18,2026-02-23,6,27129.55,158,6,27129.55,Churned,1,3,3,7,At Risk
210,2026-02-12,2026-02-12,1,10106.1,169,1,10106.1,Churned,1,1,2,4,Lost
211,2025-11-01,2025-11-01,1,7314.42,272,1,7314.42,Churned,1,1,2,4,Lost
212,2025-12-29,2026-02-20,8,27238.66,161,8,27238.66,Churned,1,4,3,8,At Risk
213,2026-05-05,2026-05-05,1,5646.74,87,1,5646.74,Active,2,1,1,4,Lost
214,2025-06-24,2026-01-25,4,20062.26,187,4,20062.26,Churned,1,3,3,7,At Risk
215,2026-01-14,2026-06-29,13,70282.61,32,13,70282.61,Active,4,5,5,14,Champions
216,2025-08-19,2025-08-19,1,12305.04,346,1,12305.04,Churned,1,1,2,4,Lost
217,2024-09-05,2026-05-23,5,32992.18,69,5,32992.18,Active,2,3,3,8,At Risk
218,2024-11-15,2026-05-14,2,4856.29,78,2,4856.29,Active,2,2,1,5,Lost
219,2025-06-08,2025-12-05,9,51138.29,238,9,51138.29,Churned,1,4,4,9,At Risk
220,2026-05-17,2026-05-17,1,594.34,75,1,594.34,Active,2,1,1,4,Lost
221,2026-06-21,2026-06-21,1,2346.36,40,1,2346.36,Active,3,1,1,5,Lost
222,2025-07-18,2026-05-16,2,8497.22,76,2,8497.22,Active,2,2,2,6,Lost
223,2026-02-04,2026-05-14,2,9357.36,78,2,9357.36,Active,2,2,2,6,Lost
224,2024-12-08,2026-07-21,10,23044.83,10,10,23044.83,Active,5,4,3,12,Loyal
225,2026-01-04,2026-06-27,10,48800.52,34,10,48800.52,Active,3,4,4,11,Loyal
226,2025-04-27,2026-07-24,7,17807.08,7,7,17807.08,Active,5,4,2,11,Loyal
227,2026-03-20,2026-07-27,32,130611.51,4,32,130611.51,Active,5,5,5,15,Champions
228,2025-09-28,2026-07-20,28,118026.56,11,28,118026.56,Active,5,5,5,15,Champions
229,2026-02-14,2026-02-14,1,11174.49,167,1,11174.49,Churned,1,1,2,4,Lost
230,2026-03-23,2026-05-13,4,23543.03,79,4,23543.03,Active,2,3,3,8,At Risk
231,2025-06-28,2025-11-07,8,35486.88,266,8,35486.88,Churned,1,4,4,9,At Risk
232,2026-04-20,2026-06-22,3,13755.43,39,3,13755.43,Active,3,2,2,7,At Risk
233,2024-11-04,2026-07-29,19,113135.73,2,19,113135.73,Active,5,5,5,15,Champions
234,2026-02-17,2026-06-24,13,44175.82,37,13,44175.82,Active,3,5,4,12,Loyal
235,2025-12-13,2026-07-05,6,20410.77,26,6,20410.77,Active,4,3,3,10,Loyal
236,2025-12-29,2025-12-29,1,1350.76,214,1,1350.76,Churned,1,1,1,3,Lost
237,2025-12-12,2026-07-10,13,77666.21,21,13,77666.21,Active,4,5,5,14,Champions
238,2025-06-10,2026-06-23,4,35727.05,38,4,35727.05,Active,3,3,4,10,Loyal
239,2025-02-21,2025-10-23,9,53506.51,281,9,53506.51,Churned,1,4,4,9,At Risk
240,2025-11-06,2026-01-22,3,15430.38,190,3,15430.38,Churned,1,2,2,5,Lost
241,2024-10-21,2026-07-19,13,51866.65,12,13,51866.65,Active,5,5,4,14,Champions
242,2025-10-09,2026-07-30,17,110934.0,1,17,110934.0,Active,5,5,5,15,Champions
243,2024-09-12,2026-06-19,13,51543.77,42,13,51543.77,Active,3,5,4,12,Loyal
244,2025-11-06,2026-07-27,25,139552.82,4,25,139552.82,Active,5,5,5,15,Champions
245,2025-10-29,2026-06-17,7,45932.44,44,7,45932.44,Active,3,4,4,11,Loyal
246,2025-03-10,2026-07-10,5,24521.26,21,5,24521.26,Active,4,3,3,10,Loyal
247,2026-01-27,2026-01-27,1,1491.38,185,1,1491.38,Churned,1,1,1,3,Lost
248,2026-04-04,2026-05-29,2,15295.99,63,2,15295.99,Active,2,2,2,6,Lost
249,2026-03-27,2026-05-21,4,7156.61,71,4,7156.61,Active,2,3,2,7,At Risk
250,2024-09-21,2026-07-16,9,45731.78,15,9,45731.78,Active,5,4,4,13,Champions
251,2026-01-14,2026-01-14,1,1193.29,198,1,1193.29,Churned,1,1,1,3,Lost
252,2026-01-13,2026-05-18,2,8043.24,74,2,8043.24,Active,2,2,2,6,Lost
253,2024-12-09,2026-01-13,8,52883.57,199,8,52883.57,Churned,1,4,4,9,At Risk
254,2025-05-27,2025-12-24,4,18973.58,219,4,18973.58,Churned,1,3,2,6,Lost
255,2025-12-03,2026-07-17,11,58422.22,14,11,58422.22,Active,5,4,5,14,Champions
256,2024-11-03,2026-07-19,18,85682.71,12,18,85682.71,Active,5,5,5,15,Champions
257,2025-12-18,2026-07-23,8,40783.85,8,8,40783.85,Active,5,4,4,13,Champions
258,2026-01-07,2026-07-05,4,20569.41,26,4,20569.41,Active,4,3,3,10,Loyal
259,2024-12-26,2026-02-03,8,53723.96,178,8,53723.96,Churned,1,4,4,9,At Risk
260,2025-10-04,2026-07-24,11,68288.39,7,11,68288.39,Active,5,4,5,14,Champions
261,2026-02-24,2026-02-24,1,7340.49,157,1,7340.49,Churned,1,1,2,4,Lost
262,2026-01-04,2026-06-15,5,32166.13,46,5,32166.13,Active,3,3,3,9,At Risk
263,2025-04-25,2026-07-04,13,65880.25,27,13,65880.25,Active,4,5,5,14,Champions
264,2026-06-07,2026-07-21,13,72855.99,10,13,72855.99,Active,5,5,5,15,Champions
265,2026-07-23,2026-07-23,1,2160.38,8,1,2160.38,Active,5,1,1,7,At Risk
266,2025-10-05,2026-05-31,3,12499.82,61,3,12499.82,Active,2,2,2,6,Lost
267,2025-08-14,2026-06-30,4,25137.31,31,4,25137.31,Active,4,3,3,10,Loyal
268,2025-05-29,2026-06-17,7,32976.75,44,7,32976.75,Active,3,4,3,10,Loyal
269,2026-06-27,2026-06-27,1,1600.56,34,1,1600.56,Active,3,1,1,5,Lost
270,2025-12-28,2026-06-24,7,49439.45,37,7,49439.45,Active,3,4,4,11,Loyal
271,2025-04-11,2026-02-03,9,29226.5,178,9,29226.5,Churned,1,4,3,8,At Risk
272,2024-10-31,2026-07-01,13,58988.55,30,13,58988.55,Active,4,5,5,14,Champions
273,2024-11-11,2026-07-28,31,169367.11,3,31,169367.11,Active,5,5,5,15,Champions
274,2026-06-29,2026-06-29,1,1806.5,32,1,1806.5,Active,4,1,1,6,Lost
275,2025-08-03,2026-06-27,3,5059.4,34,3,5059.4,Active,3,2,1,6,Lost
276,2025-10-19,2026-06-28,5,27468.11,33,5,27468.11,Active,3,3,3,9,At Risk
277,2025-12-06,2026-06-21,2,16429.41,40,2,16429.41,Active,3,2,2,7,At Risk
278,2026-02-23,2026-03-31,9,43751.27,122,9,43751.27,Churned,2,4,4,10,Loyal
279,2025-04-08,2026-06-23,5,24799.22,38,5,24799.22,Active,3,3,3,9,At Risk
280,2024-11-22,2026-05-19,2,17066.04,73,2,17066.04,Active,2,2,2,6,Lost
281,2025-04-27,2026-06-01,3,16995.13,60,3,16995.13,Active,2,2,2,6,Lost
282,2025-07-16,2026-07-17,27,131723.85,14,27,131723.85,Active,5,5,5,15,Champions
283,2025-12-12,2026-06-29,3,24789.13,32,3,24789.13,Active,4,2,3,9,At Risk
284,2025-07-30,2026-07-05,12,48742.1,26,12,48742.1,Active,4,5,4,13,Champions
285,2025-08-18,2026-05-20,3,31915.14,72,3,31915.14,Active,2,2,3,7,At Risk
286,2026-06-16,2026-07-25,19,101377.98,6,19,101377.98,Active,5,5,5,15,Champions
287,2024-11-16,2025-12-24,8,40788.85,219,8,40788.85,Churned,1,4,4,9,At Risk
288,2026-01-08,2026-05-09,3,18863.84,83,3,18863.84,Active,2,2,2,6,Lost
289,2025-08-21,2026-03-28,8,40513.9,125,8,40513.9,Churned,2,4,4,10,Loyal
290,2025-07-05,2026-05-20,5,28089.14,72,5,28089.14,Active,2,3,3,8,At Risk
291,2026-03-10,2026-07-20,15,85496.89,11,15,85496.89,Active,5,5,5,15,Champions
292,2026-03-05,2026-03-05,1,14676.16,148,1,14676.16,Churned,1,1,2,4,Lost
293,2026-06-25,2026-06-25,1,1843.99,36,1,1843.99,Active,3,1,1,5,Lost
294,2026-05-30,2026-05-30,1,1164.16,62,1,1164.16,Active,2,1,1,4,Lost
295,2025-09-25,2026-05-26,5,17796.91,66,5,17796.91,Active,2,3,2,7,At Risk
296,2025-10-25,2026-07-02,2,12210.12,29,2,12210.12,Active,4,2,2,8,At Risk
297,2026-04-07,2026-04-07,1,3991.11,115,1,3991.11,Churned,2,1,1,4,Lost
298,2025-06-12,2026-05-29,4,22787.37,63,4,22787.37,Active,2,3,3,8,At Risk
299,2025-02-20,2026-07-10,11,56574.52,21,11,56574.52,Active,4,4,4,12,Loyal
300,2026-03-28,2026-06-04,2,11935.18,57,2,11935.18,Active,2,2,2,6,Lost
301,2025-05-19,2026-05-10,5,26126.24,82,5,26126.24,Active,2,3,3,8,At Risk
302,2026-03-20,2026-03-20,1,1632.25,133,1,1632.25,Churned,2,1,1,4,Lost
303,2024-08-06,2026-07-14,13,99532.03,17,13,99532.03,Active,5,5,5,15,Champions
304,2026-05-18,2026-05-26,4,28164.73,66,4,28164.73,Active,2,3,3,8,At Risk
305,2026-06-20,2026-06-20,1,2030.9,41,1,2030.9,Active,3,1,1,5,Lost
306,2025-04-17,2026-06-24,3,11250.6,37,3,11250.6,Active,3,2,2,7,At Risk
307,2025-06-30,2025-06-30,1,7182.36,396,1,7182.36,Churned,1,1,2,4,Lost
308,2025-10-13,2026-05-19,4,17008.5,73,4,17008.5,Active,2,3,2,7,At Risk
309,2025-03-10,2026-07-25,12,56098.5,6,12,56098.5,Active,5,5,4,14,Champions
310,2025-09-13,2025-09-13,1,7895.31,321,1,7895.31,Churned,1,1,2,4,Lost
311,2026-03-04,2026-07-15,6,42249.18,16,6,42249.18,Active,5,3,4,12,Loyal
312,2025-11-23,2026-07-07,8,35508.37,24,8,35508.37,Active,4,4,4,12,Loyal
313,2026-03-17,2026-06-15,3,19670.85,46,3,19670.85,Active,3,2,3,8,At Risk
314,2025-08-19,2025-08-19,1,10376.52,346,1,10376.52,Churned,1,1,2,4,Lost
315,2025-01-25,2026-02-17,5,29384.3,164,5,29384.3,Churned,1,3,3,7,At Risk
316,2025-11-21,2026-07-15,12,63454.47,16,12,63454.47,Active,5,5,5,15,Champions
317,2026-01-07,2026-07-16,21,84605.27,15,21,84605.27,Active,5,5,5,15,Champions
318,2026-01-04,2026-01-04,1,726.3,208,1,726.3,Churned,1,1,1,3,Lost
319,2026-06-15,2026-07-11,13,98814.98,20,13,98814.98,Active,4,5,5,14,Champions
320,2026-02-05,2026-07-09,11,55560.42,22,11,55560.42,Active,4,4,4,12,Loyal
321,2025-04-20,2026-06-29,12,69775.6,32,12,69775.6,Active,4,5,5,14,Champions
322,2025-10-23,2026-05-15,5,10154.38,77,5,10154.38,Active,2,3,2,7,At Risk
323,2025-10-11,2025-10-11,1,14425.04,293,1,14425.04,Churned,1,1,2,4,Lost
324,2026-05-28,2026-05-28,1,500.02,64,1,500.02,Active,2,1,1,4,Lost
325,2026-07-12,2026-07-12,1,2250.14,19,1,2250.14,Active,4,1,1,6,Lost
326,2025-02-09,2026-07-18,11,65316.36,13,11,65316.36,Active,5,4,5,14,Champions
327,2025-01-20,2026-06-28,8,60279.24,33,8,60279.24,Active,3,4,5,12,Loyal
328,2024-08-20,2026-05-31,2,13679.1,61,2,13679.1,Active,2,2,2,6,Lost
329,2024-11-08,2026-07-20,13,84519.62,11,13,84519.62,Active,5,5,5,15,Champions
330,2025-08-29,2026-07-09,8,46181.92,22,8,46181.92,Active,4,4,4,12,Loyal
331,2025-11-03,2026-07-21,13,67255.8,10,13,67255.8,Active,5,5,5,15,Champions
332,2025-05-21,2026-07-18,13,75033.08,13,13,75033.08,Active,5,5,5,15,Champions
333,2025-10-27,2026-06-24,5,26398.45,37,5,26398.45,Active,3,3,3,9,At Risk
334,2026-03-23,2026-03-23,1,8594.88,130,1,8594.88,Churned,2,1,2,5,Lost
335,2025-06-23,2026-07-17,33,189551.12,14,33,189551.12,Active,5,5,5,15,Champions
336,2026-03-29,2026-05-17,4,14338.38,75,4,14338.38,Active,2,3,2,7,At Risk
337,2026-07-03,2026-07-03,1,15216.6,28,1,15216.6,Active,4,1,2,7,At Risk
338,2025-09-30,2025-09-30,1,366.26,304,1,366.26,Churned,1,1,1,3,Lost
339,2026-01-15,2026-01-15,1,10974.16,197,1,10974.16,Churned,1,1,2,4,Lost
340,2026-06-28,2026-07-08,3,12996.89,23,3,12996.89,Active,4,2,2,8,At Risk
341,2026-01-11,2026-01-11,1,2813.25,201,1,2813.25,Churned,1,1,1,3,Lost
342,2025-03-29,2026-06-30,9,46040.11,31,9,46040.11,Active,4,4,4,12,Loyal
343,2025-11-07,2026-07-19,8,34679.15,12,8,34679.15,Active,5,4,3,12,Loyal
344,2025-10-04,2026-07-10,6,33079.23,21,6,33079.23,Active,4,3,3,10,Loyal
345,2026-06-02,2026-07-03,5,25501.26,28,5,25501.26,Active,4,3,3,10,Loyal
346,2025-03-11,2026-07-10,9,53723.4,21,9,53723.4,Active,4,4,4,12,Loyal
347,2026-07-24,2026-07-24,1,14959.16,7,1,14959.16,Active,5,1,2,8,At Risk
348,2026-06-12,2026-06-12,1,5786.84,49,1,5786.84,Active,3,1,1,5,Lost
349,2025-02-05,2026-06-22,7,37379.94,39,7,37379.94,Active,3,4,4,11,Loyal
350,2025-03-25,2026-07-05,8,42916.64,26,8,42916.64,Active,4,4,4,12,Loyal
351,2025-09-15,2026-07-09,7,48409.59,22,7,48409.59,Active,4,4,4,12,Loyal
352,2025-08-20,2026-05-27,2,6704.67,65,2,6704.67,Active,2,2,2,6,Lost
353,2025-02-26,2026-07-14,10,57196.96,17,10,57196.96,Active,5,4,5,14,Champions
354,2025-05-29,2026-07-05,11,61547.64,26,11,61547.64,Active,4,4,5,13,Champions
355,2026-07-07,2026-07-10,9,28356.26,21,9,28356.26,Active,4,4,3,11,Loyal
356,2026-07-25,2026-07-25,1,12051.32,6,1,12051.32,Active,5,1,2,8,At Risk
357,2025-02-08,2025-09-08,6,36957.61,326,6,36957.61,Churned,1,3,4,8,At Risk
358,2026-05-21,2026-06-12,4,35010.63,49,4,35010.63,Active,3,3,4,10,Loyal
359,2025-08-18,2026-06-27,3,12237.02,34,3,12237.02,Active,3,2,2,7,At Risk
360,2026-01-20,2026-01-20,1,4630.23,192,1,4630.23,Churned,1,1,1,3,Lost
361,2026-04-04,2026-04-04,1,2021.78,118,1,2021.78,Churned,2,1,1,4,Lost
362,2026-05-09,2026-05-09,1,317.57,83,1,317.57,Active,2,1,1,4,Lost
363,2025-01-14,2025-12-16,6,34687.97,227,6,34687.97,Churned,1,3,3,7,At Risk
364,2026-05-11,2026-05-11,1,1550.24,81,1,1550.24,Active,2,1,1,4,Lost
365,2026-03-31,2026-03-31,1,2624.82,122,1,2624.82,Churned,2,1,1,4,Lost
366,2025-08-18,2026-05-12,4,23529.96,80,4,23529.96,Active,2,3,3,8,At Risk
367,2025-06-24,2026-07-18,27,126390.83,13,27,126390.83,Active,5,5,5,15,Champions
368,2025-03-03,2026-07-24,26,137701.93,7,26,137701.93,Active,5,5,5,15,Champions
369,2024-11-08,2026-06-07,2,3410.02,54,2,3410.02,Active,3,2,1,6,Lost
370,2026-02-27,2026-06-23,5,38359.2,38,5,38359.2,Active,3,3,4,10,Loyal
371,2025-11-07,2026-06-29,2,5929.95,32,2,5929.95,Active,4,2,1,7,At Risk
372,2025-12-17,2026-06-13,2,7603.3,48,2,7603.3,Active,3,2,2,7,At Risk
373,2025-06-08,2026-05-29,2,20373.1,63,2,20373.1,Active,2,2,3,7,At Risk
374,2025-08-08,2025-08-08,1,6031.42,357,1,6031.42,Churned,1,1,1,3,Lost
375,2026-05-06,2026-07-20,26,175224.55,11,26,175224.55,Active,5,5,5,15,Champions
376,2025-01-29,2026-07-04,8,37253.94,27,8,37253.94,Active,4,4,4,12,Loyal
377,2026-05-08,2026-05-08,1,5184.28,84,1,5184.28,Active,2,1,1,4,Lost
378,2026-01-19,2026-01-19,1,2073.85,193,1,2073.85,Churned,1,1,1,3,Lost
379,2025-04-29,2026-02-19,8,24106.24,162,8,24106.24,Churned,1,4,3,8,At Risk
380,2025-01-30,2025-07-21,9,56545.86,375,9,56545.86,Churned,1,4,4,9,At Risk
381,2024-07-11,2025-09-17,9,58264.87,317,9,58264.87,Churned,1,4,5,10,Loyal
382,2026-06-16,2026-07-07,8,40142.85,24,8,40142.85,Active,4,4,4,12,Loyal
383,2026-06-21,2026-06-21,1,1297.76,40,1,1297.76,Active,3,1,1,5,Lost
384,2025-01-18,2026-07-23,12,53628.73,8,12,53628.73,Active,5,5,4,14,Champions
385,2024-10-10,2026-05-15,2,10366.54,77,2,10366.54,Active,2,2,2,6,Lost
386,2024-10-24,2025-09-23,8,50698.53,311,8,50698.53,Churned,1,4,4,9,At Risk
387,2024-10-23,2026-07-08,8,28829.75,23,8,28829.75,Active,4,4,3,11,Loyal
388,2026-04-16,2026-05-08,2,19388.73,84,2,19388.73,Active,2,2,3,7,At Risk
389,2026-05-11,2026-07-19,11,49268.78,12,11,49268.78,Active,5,5,4,14,Champions
390,2024-11-10,2026-07-05,6,24180.79,26,6,24180.79,Active,4,3,3,10,Loyal
391,2026-02-16,2026-07-06,13,87044.13,25,13,87044.13,Active,4,5,5,14,Champions
392,2024-12-03,2026-07-30,15,57006.97,1,15,57006.97,Active,5,5,5,15,Champions
393,2025-06-01,2026-03-27,5,30057.62,126,5,30057.62,Churned,2,3,3,8,At Risk
394,2026-01-11,2026-05-04,2,16088.3,88,2,16088.3,Active,2,2,2,6,Lost
395,2025-12-30,2025-12-30,1,4305.38,213,1,4305.38,Churned,1,1,1,3,Lost
396,2026-05-08,2026-06-23,4,18560.36,38,4,18560.36,Active,3,3,2,8,At Risk
397,2024-08-25,2026-07-25,9,68983.76,6,9,68983.76,Active,5,4,5,14,Champions
398,2025-01-05,2026-07-26,12,60444.24,5,12,60444.24,Active,5,5,5,15,Champions
399,2026-04-17,2026-04-17,1,3610.1,105,1,3610.1,Churned,2,1,1,4,Lost
400,2025-04-18,2026-07-10,9,49255.3,21,9,49255.3,Active,4,4,4,12,Loyal
401,2026-07-29,2026-07-29,1,543.9,2,1,543.9,Active,5,1,1,7,At Risk
402,2026-02-20,2026-07-02,9,45958.68,29,9,45958.68,Active,4,4,4,12,Loyal
403,2025-06-07,2026-05-08,5,23647.23,84,5,23647.23,Active,2,3,3,8,At Risk
404,2026-07-09,2026-07-09,1,2761.04,22,1,2761.04,Active,4,1,1,6,Lost
405,2025-07-31,2026-07-08,13,70776.28,23,13,70776.28,Active,4,5,5,14,Champions
406,2025-08-09,2026-07-01,6,35792.64,30,6,35792.64,Active,4,3,4,11,Loyal
407,2025-10-19,2026-02-21,3,19361.07,160,3,19361.07,Churned,1,2,2,5,Lost
408,2024-11-10,2026-07-12,7,45695.19,19,7,45695.19,Active,4,4,4,12,Loyal
409,2026-06-11,2026-06-11,1,2699.48,50,1,2699.48,Active,3,1,1,5,Lost
410,2025-05-31,2026-06-11,4,19731.45,50,4,19731.45,Active,3,3,3,9,At Risk
411,2025-09-10,2026-07-17,6,37671.45,14,6,37671.45,Active,5,3,4,12,Loyal
412,2026-05-11,2026-05-11,1,10081.11,81,1,10081.11,Active,2,1,2,5,Lost
413,2026-03-24,2026-03-24,1,7215.99,129,1,7215.99,Churned,2,1,2,5,Lost
414,2025-02-06,2026-07-01,7,37364.29,30,7,37364.29,Active,4,4,4,12,Loyal
415,2026-02-23,2026-02-23,1,6467.9,158,1,6467.9,Churned,1,1,1,3,Lost
416,2025-12-05,2026-06-30,9,33865.07,31,9,33865.07,Active,4,4,3,11,Loyal
417,2026-07-08,2026-07-20,29,147165.52,11,29,147165.52,Active,5,5,5,15,Champions
418,2025-03-03,2026-07-01,4,11818.25,30,4,11818.25,Active,4,3,2,9,At Risk
419,2025-02-24,2025-10-10,6,21217.14,294,6,21217.14,Churned,1,3,3,7,At Risk
420,2025-08-12,2026-07-20,16,82696.02,11,16,82696.02,Active,5,5,5,15,Champions
421,2026-06-05,2026-07-21,6,43540.9,10,6,43540.9,Active,5,3,4,12,Loyal
422,2026-01-12,2026-05-05,4,20252.02,87,4,20252.02,Active,2,3,3,8,At Risk
423,2026-02-03,2026-02-03,1,2154.08,178,1,2154.08,Churned,1,1,1,3,Lost
424,2025-09-21,2026-07-14,32,174643.04,17,32,174643.04,Active,5,5,5,15,Champions
425,2025-06-07,2026-06-20,8,37679.12,41,8,37679.12,Active,3,4,4,11,Loyal
426,2026-06-17,2026-06-17,1,3592.8,44,1,3592.8,Active,3,1,1,5,Lost
427,2026-04-29,2026-07-10,11,58369.61,21,11,58369.61,Active,4,5,5,14,Champions
428,2026-03-19,2026-07-10,12,37347.65,21,12,37347.65,Active,4,5,4,13,Champions
429,2024-08-16,2026-06-29,10,49316.89,32,10,49316.89,Active,4,4,4,12,Loyal
430,2025-12-29,2026-05-24,5,23059.6,68,5,23059.6,Active,2,3,3,8,At Risk
431,2025-08-21,2026-06-02,4,9512.21,59,4,9512.21,Active,2,3,2,7,At Risk
432,2026-01-26,2026-03-07,6,5136.31,146,6,5136.31,Churned,2,3,1,6,Lost
433,2026-04-01,2026-05-08,5,20997.1,84,5,20997.1,Active,2,3,3,8,At Risk
434,2025-02-24,2026-06-17,4,22935.11,44,4,22935.11,Active,3,3,3,9,At Risk
435,2025-08-19,2025-11-01,5,32380.0,272,5,32380.0,Churned,1,3,3,7,At Risk
436,2025-04-09,2026-05-17,5,18534.44,75,5,18534.44,Active,2,3,2,7,At Risk
437,2026-02-09,2026-06-27,3,5649.37,34,3,5649.37,Active,3,2,1,6,Lost
438,2026-06-05,2026-06-05,1,1318.56,56,1,1318.56,Active,3,1,1,5,Lost
439,2024-09-07,2026-06-29,12,52765.53,32,12,52765.53,Active,4,5,4,13,Champions
440,2026-01-12,2026-01-12,1,3909.48,200,1,3909.48,Churned,1,1,1,3,Lost
441,2026-07-10,2026-07-10,1,4763.25,21,1,4763.25,Active,4,1,1,6,Lost
442,2025-04-03,2026-07-18,15,81718.4,13,15,81718.4,Active,5,5,5,15,Champions
443,2025-01-13,2026-06-15,2,9218.62,46,2,9218.62,Active,3,2,2,7,At Risk
444,2025-07-14,2026-06-27,9,42442.89,34,9,42442.89,Active,3,4,4,11,Loyal
445,2025-11-14,2026-07-22,13,73821.81,9,13,73821.81,Active,5,5,5,15,Champions
446,2026-01-12,2026-06-14,2,11485.39,47,2,11485.39,Active,3,2,2,7,At Risk
447,2025-05-19,2026-07-09,10,52628.42,22,10,52628.42,Active,4,4,4,12,Loyal
448,2026-06-27,2026-06-27,1,4181.44,34,1,4181.44,Active,3,1,1,5,Lost
449,2025-10-29,2025-11-27,3,26681.06,246,3,26681.06,Churned,1,2,3,6,Lost
450,2026-03-03,2026-03-03,1,6136.16,150,1,6136.16,Churned,1,1,1,3,Lost
451,2026-07-03,2026-07-12,8,16699.06,19,8,16699.06,Active,4,4,2,10,Loyal
452,2026-06-05,2026-06-26,9,46463.12,35,9,46463.12,Active,3,4,4,11,Loyal
453,2025-08-16,2026-07-09,6,43018.38,22,6,43018.38,Active,4,3,4,11,Loyal
454,2025-03-08,2026-07-21,7,22164.59,10,7,22164.59,Active,5,4,3,12,Loyal
455,2025-10-07,2025-12-26,9,46497.64,217,9,46497.64,Churned,1,4,4,9,At Risk
456,2025-08-26,2026-07-11,5,35251.84,20,5,35251.84,Active,4,3,4,11,Loyal
457,2024-11-28,2026-06-28,12,55435.42,33,12,55435.42,Active,3,5,4,12,Loyal
458,2025-10-25,2025-10-25,1,3990.69,279,1,3990.69,Churned,1,1,1,3,Lost
459,2026-04-21,2026-06-21,6,34422.53,40,6,34422.53,Active,3,3,3,9,At Risk
460,2024-10-19,2026-07-14,28,168999.12,17,28,168999.12,Active,5,5,5,15,Champions
461,2026-01-07,2026-07-26,12,64408.95,5,12,64408.95,Active,5,5,5,15,Champions
462,2025-03-18,2026-07-08,2,12806.52,23,2,12806.52,Active,4,2,2,8,At Risk
463,2026-01-21,2026-01-21,1,8324.79,191,1,8324.79,Churned,1,1,2,4,Lost
464,2025-05-24,2026-07-07,6,37417.38,24,6,37417.38,Active,4,3,4,11,Loyal
465,2025-03-08,2026-03-18,4,26547.17,135,4,26547.17,Churned,2,3,3,8,At Risk
466,2026-07-05,2026-07-05,1,4711.6,26,1,4711.6,Active,4,1,1,6,Lost
467,2025-11-04,2025-11-04,1,716.46,269,1,716.46,Churned,1,1,1,3,Lost
468,2025-12-27,2026-07-21,7,21326.45,10,7,21326.45,Active,5,4,3,12,Loyal
469,2024-12-19,2026-07-30,20,130652.53,1,20,130652.53,Active,5,5,5,15,Champions
470,2026-06-10,2026-06-10,1,5272.02,51,1,5272.02,Active,3,1,1,5,Lost
471,2026-01-24,2026-06-24,12,71386.29,37,12,71386.29,Active,3,5,5,13,Champions
472,2026-03-15,2026-05-08,3,26253.05,84,3,26253.05,Active,2,2,3,7,At Risk
473,2026-04-30,2026-04-30,1,10799.97,92,1,10799.97,Churned,2,1,2,5,Lost
474,2025-08-02,2026-07-13,9,52446.0,18,9,52446.0,Active,5,4,4,13,Champions
475,2025-11-26,2025-11-26,1,6603.93,247,1,6603.93,Churned,1,1,1,3,Lost
476,2026-02-17,2026-02-17,1,3723.41,164,1,3723.41,Churned,1,1,1,3,Lost
477,2026-05-28,2026-05-28,1,3690.72,64,1,3690.72,Active,2,1,1,4,Lost
478,2024-09-04,2026-06-27,5,28068.17,34,5,28068.17,Active,3,3,3,9,At Risk
479,2025-12-13,2026-01-18,8,39498.45,194,8,39498.45,Churned,1,4,4,9,At Risk
480,2024-10-30,2026-06-01,5,27812.38,60,5,27812.38,Active,2,3,3,8,At Risk
481,2026-03-01,2026-03-01,1,3625.26,152,1,3625.26,Churned,1,1,1,3,Lost
482,2026-03-23,2026-03-23,1,1587.45,130,1,1587.45,Churned,2,1,1,4,Lost
483,2025-07-13,2025-07-13,1,12425.2,383,1,12425.2,Churned,1,1,2,4,Lost
484,2026-03-03,2026-07-03,13,86073.64,28,13,86073.64,Active,4,5,5,14,Champions
485,2025-06-20,2026-07-19,31,151861.03,12,31,151861.03,Active,5,5,5,15,Champions
486,2025-01-12,2026-07-10,10,71215.58,21,10,71215.58,Active,4,4,5,13,Champions
487,2025-08-03,2026-06-07,2,4226.75,54,2,4226.75,Active,3,2,1,6,Lost
488,2026-01-02,2026-05-03,3,24678.06,89,3,24678.06,Active,2,2,3,7,At Risk
489,2026-02-23,2026-05-30,5,25032.05,62,5,25032.05,Active,2,3,3,8,At Risk
490,2025-10-23,2026-06-22,8,41958.35,39,8,41958.35,Active,3,4,4,11,Loyal
491,2026-06-10,2026-06-10,1,2302.73,51,1,2302.73,Active,3,1,1,5,Lost
492,2026-04-21,2026-04-21,1,3769.52,101,1,3769.52,Churned,2,1,1,4,Lost
493,2026-02-02,2026-07-11,8,26812.11,20,8,26812.11,Active,4,4,3,11,Loyal
494,2025-10-14,2025-10-14,1,2206.68,290,1,2206.68,Churned,1,1,1,3,Lost
495,2025-05-10,2026-06-29,5,24253.39,32,5,24253.39,Active,4,3,3,10,Loyal
496,2025-06-12,2026-07-06,4,18438.72,25,4,18438.72,Active,4,3,2,9,At Risk
497,2024-11-02,2026-06-20,10,31441.74,41,10,31441.74,Active,3,4,3,10,Loyal
498,2025-07-06,2025-07-06,1,3299.62,390,1,3299.62,Churned,1,1,1,3,Lost
499,2026-06-05,2026-06-05,1,9274.28,56,1,9274.28,Active,3,1,2,6,Lost
500,2026-06-13,2026-06-13,1,5764.88,48,1,5764.88,Active,3,1,1,5,Lost
501,2024-11-19,2026-02-28,6,38941.32,153,6,38941.32,Churned,1,3,4,8,At Risk
502,2025-11-08,2025-11-08,1,5207.48,265,1,5207.48,Churned,1,1,1,3,Lost
503,2026-07-02,2026-07-02,1,550.85,29,1,550.85,Active,4,1,1,6,Lost
504,2026-05-12,2026-06-30,5,27792.22,31,5,27792.22,Active,4,3,3,10,Loyal
505,2025-03-23,2026-05-27,5,20070.23,65,5,20070.23,Active,2,3,3,8,At Risk
506,2025-07-20,2025-10-28,5,26969.22,276,5,26969.22,Churned,1,3,3,7,At Risk
507,2025-09-11,2026-07-13,18,129311.64,18,18,129311.64,Active,5,5,5,15,Champions
508,2025-04-23,2026-05-10,2,11195.24,82,2,11195.24,Active,2,2,2,6,Lost
509,2025-06-11,2025-10-14,6,33989.18,290,6,33989.18,Churned,1,3,3,7,At Risk
510,2025-01-16,2026-07-09,11,74521.69,22,11,74521.69,Active,4,5,5,14,Champions
511,2026-07-26,2026-07-26,1,14630.28,5,1,14630.28,Active,5,1,2,8,At Risk
512,2026-02-14,2026-07-06,9,49922.0,25,9,49922.0,Active,4,4,4,12,Loyal
513,2026-04-01,2026-04-01,1,4740.98,121,1,4740.98,Churned,2,1,1,4,Lost
514,2026-03-13,2026-03-13,1,2008.2,140,1,2008.2,Churned,2,1,1,4,Lost
515,2026-07-03,2026-07-13,6,39353.28,18,6,39353.28,Active,5,3,4,12,Loyal
516,2025-09-26,2025-09-26,1,2684.79,308,1,2684.79,Churned,1,1,1,3,Lost
517,2026-05-08,2026-06-28,11,44087.88,33,11,44087.88,Active,3,5,4,12,Loyal
518,2024-10-28,2026-06-05,4,16763.6,56,4,16763.6,Active,3,3,2,8,At Risk
519,2025-07-24,2026-06-19,5,12664.4,42,5,12664.4,Active,3,3,2,8,At Risk
520,2025-09-25,2025-09-25,1,13870.52,309,1,13870.52,Churned,1,1,2,4,Lost
521,2025-04-10,2026-07-13,25,132045.63,18,25,132045.63,Active,5,5,5,15,Champions
522,2024-10-22,2026-06-27,13,47223.59,34,13,47223.59,Active,3,5,4,12,Loyal
523,2025-07-06,2025-07-06,1,7284.84,390,1,7284.84,Churned,1,1,2,4,Lost
524,2026-03-20,2026-05-09,4,19476.77,83,4,19476.77,Active,2,3,3,8,At Risk
525,2025-06-28,2026-06-25,5,17152.69,36,5,17152.69,Active,3,3,2,8,At Risk
526,2025-03-23,2026-07-25,16,88038.47,6,16,88038.47,Active,5,5,5,15,Champions
527,2026-06-09,2026-07-17,11,51248.66,14,11,51248.66,Active,5,5,4,14,Champions
528,2025-06-29,2025-12-11,7,17360.25,232,7,17360.25,Churned,1,4,2,7,At Risk
529,2026-05-29,2026-07-29,28,146130.61,2,28,146130.61,Active,5,5,5,15,Champions
530,2026-06-02,2026-06-26,11,47393.36,35,11,47393.36,Active,3,5,4,12,Loyal
531,2025-09-30,2026-01-14,5,26037.72,198,5,26037.72,Churned,1,3,3,7,At Risk
532,2024-11-06,2026-07-29,26,142755.12,2,26,142755.12,Active,5,5,5,15,Champions
533,2026-06-11,2026-06-11,1,3609.16,50,1,3609.16,Active,3,1,1,5,Lost
534,2025-03-12,2026-06-25,6,31563.6,36,6,31563.6,Active,3,3,3,9,At Risk
535,2025-09-12,2025-10-02,8,47821.69,302,8,47821.69,Churned,1,4,4,9,At Risk
536,2025-08-30,2025-08-30,1,879.37,335,1,879.37,Churned,1,1,1,3,Lost
537,2025-07-09,2025-12-11,6,38346.16,232,6,38346.16,Churned,1,3,4,8,At Risk
538,2025-03-15,2026-07-04,10,56738.84,27,10,56738.84,Active,4,4,4,12,Loyal
539,2025-09-02,2026-05-17,5,13853.66,75,5,13853.66,Active,2,3,2,7,At Risk
540,2026-02-27,2026-02-27,1,2141.88,154,1,2141.88,Churned,1,2,1,4,Lost
541,2025-12-26,2026-06-25,13,79427.78,36,13,79427.78,Active,3,5,5,13,Champions
542,2024-12-29,2026-07-04,7,44831.57,27,7,44831.57,Active,4,4,4,12,Loyal
543,2024-11-29,2026-07-18,18,111674.98,13,18,111674.98,Active,5,5,5,15,Champions
544,2024-11-21,2025-11-23,9,37756.88,250,9,37756.88,Churned,1,4,4,9,At Risk
545,2026-03-24,2026-03-24,1,5352.72,129,1,5352.72,Churned,2,2,1,5,Lost
546,2025-02-09,2026-05-03,5,30954.18,89,5,30954.18,Active,2,3,3,8,At Risk
547,2025-09-23,2025-09-23,1,2968.28,311,1,2968.28,Churned,1,2,1,4,Lost
548,2025-11-19,2026-06-22,5,28938.68,39,5,28938.68,Active,3,3,3,9,At Risk
549,2026-01-13,2026-06-27,2,5545.41,34,2,5545.41,Active,3,2,1,6,Lost
550,2026-02-15,2026-07-11,5,25074.52,20,5,25074.52,Active,4,3,3,10,Loyal
551,2026-04-24,2026-06-28,2,21550.56,33,2,21550.56,Active,3,2,3,8,At Risk
552,2025-06-11,2026-06-17,7,64921.89,44,7,64921.89,Active,3,4,5,12,Loyal
553,2026-03-22,2026-03-22,1,2938.77,131,1,2938.77,Churned,2,2,1,5,Lost
554,2026-01-03,2026-01-03,1,3190.41,209,1,3190.41,Churned,1,2,1,4,Lost
555,2026-07-19,2026-07-25,13,58535.15,6,13,58535.15,Active,5,5,5,15,Champions
556,2025-09-27,2026-06-24,3,13876.52,37,3,13876.52,Active,3,2,2,7,At Risk
557,2026-01-13,2026-07-05,12,59109.96,26,12,59109.96,Active,4,5,5,14,Champions
558,2026-04-27,2026-04-27,1,2455.62,95,1,2455.62,Churned,2,2,1,5,Lost
559,2026-02-23,2026-02-23,1,3122.08,158,1,3122.08,Churned,1,2,1,4,Lost
560,2026-04-08,2026-04-08,1,4876.2,114,1,4876.2,Churned,2,2,1,5,Lost
561,2025-09-12,2026-06-24,8,74942.53,37,8,74942.53,Active,3,4,5,12,Loyal
562,2025-11-06,2026-07-09,10,51337.73,22,10,51337.73,Active,4,4,4,12,Loyal
563,2025-08-30,2026-07-11,7,44521.85,20,7,44521.85,Active,4,4,4,12,Loyal
564,2025-01-20,2026-07-16,18,72782.27,15,18,72782.27,Active,5,5,5,15,Champions
565,2026-05-10,2026-06-26,6,21130.4,35,6,21130.4,Active,3,3,3,9,At Risk
566,2025-03-14,2026-07-18,21,103193.44,13,21,103193.44,Active,5,5,5,15,Champions
567,2025-02-08,2026-01-16,9,32058.3,196,9,32058.3,Churned,1,4,3,8,At Risk
568,2025-01-07,2026-07-16,32,171700.39,15,32,171700.39,Active,5,5,5,15,Champions
569,2025-11-02,2026-07-14,7,11866.05,17,7,11866.05,Active,5,4,2,11,Loyal
570,2025-12-04,2025-12-04,1,10299.57,239,1,10299.57,Churned,1,2,2,5,Lost
571,2026-06-22,2026-06-23,5,16407.52,38,5,16407.52,Active,3,3,2,8,At Risk
572,2025-09-10,2025-09-10,1,10434.51,324,1,10434.51,Churned,1,2,2,5,Lost
573,2025-03-06,2026-06-07,3,20596.11,54,3,20596.11,Active,3,2,3,8,At Risk
574,2024-08-31,2025-09-16,4,19831.8,318,4,19831.8,Churned,1,3,3,7,At Risk
575,2024-08-26,2026-05-25,5,24536.72,67,5,24536.72,Active,2,3,3,8,At Risk
576,2025-11-01,2026-06-19,5,26276.56,42,5,26276.56,Active,3,3,3,9,At Risk
577,2026-06-30,2026-06-30,1,7031.04,31,1,7031.04,Active,4,2,2,8,At Risk
578,2025-12-03,2026-06-09,4,5784.96,52,4,5784.96,Active,3,3,1,7,At Risk
579,2026-05-16,2026-06-20,12,59053.91,41,12,59053.91,Active,3,5,5,13,Champions
580,2025-06-13,2026-05-11,5,28040.78,81,5,28040.78,Active,2,3,3,8,At Risk
581,2024-10-05,2026-07-12,12,65880.78,19,12,65880.78,Active,4,5,5,14,Champions
582,2026-03-26,2026-03-26,1,750.09,127,1,750.09,Churned,2,2,1,5,Lost
583,2025-01-09,2026-06-20,11,52799.68,41,11,52799.68,Active,3,5,4,12,Loyal
584,2025-02-06,2026-07-23,7,37869.13,8,7,37869.13,Active,5,4,4,13,Champions
585,2025-05-05,2026-07-24,9,83493.82,7,9,83493.82,Active,5,4,5,14,Champions
586,2026-06-03,2026-06-03,1,3348.44,58,1,3348.44,Active,2,2,1,5,Lost
587,2025-12-08,2026-06-20,11,59871.7,41,11,59871.7,Active,3,5,5,13,Champions
588,2025-06-23,2026-06-05,4,27616.8,56,4,27616.8,Active,3,3,3,9,At Risk
589,2026-03-29,2026-03-29,1,3261.22,124,1,3261.22,Churned,2,2,1,5,Lost
590,2026-04-06,2026-07-24,30,152086.29,7,30,152086.29,Active,5,5,5,15,Champions
591,2026-03-01,2026-03-01,1,10317.81,152,1,10317.81,Churned,1,2,2,5,Lost
592,2026-05-19,2026-06-30,8,34978.04,31,8,34978.04,Active,4,4,3,11,Loyal
593,2025-04-05,2026-07-06,10,50847.52,25,10,50847.52,Active,4,4,4,12,Loyal
594,2026-07-15,2026-07-15,1,1960.52,16,1,1960.52,Active,5,2,1,8,At Risk
595,2025-03-04,2025-11-12,5,40601.05,261,5,40601.05,Churned,1,3,4,8,At Risk
596,2026-03-02,2026-06-20,13,80917.49,41,13,80917.49,Active,3,5,5,13,Champions
597,2026-03-01,2026-07-05,2,15646.29,26,2,15646.29,Active,4,2,2,8,At Risk
598,2026-03-23,2026-07-01,10,35937.9,30,10,35937.9,Active,4,4,4,12,Loyal
599,2025-11-05,2026-06-10,4,26779.39,51,4,26779.39,Active,3,3,3,9,At Risk
600,2025-11-08,2026-06-13,3,16320.19,48,3,16320.19,Active,3,2,2,7,At Risk
